"name_fielder","fld_name_display_club","season","position","pa","avg_norm_start_distance","avg_norm_start_angle"
"Stefanic, Michael","Angels",2024,"2B","1129","148","11"
"Stefanic, Michael","Angels",2024,"3B","31","117","-34"
"Sanó, Miguel","Angels",2024,"3B","433","122","-29"
"Sanó, Miguel","Angels",2024,"1B","118","110","34"
"Moniak, Mickey","Angels",2024,"LF","32","295","-28"
"Moniak, Mickey","Angels",2024,"RF","541","297","27"
"Moniak, Mickey","Angels",2024,"CF","3372","325","0"
"Adams, Jordyn","Angels",2024,"RF","201","296","27"
"Adams, Jordyn","Angels",2024,"CF","154","322","0"
"Adrianza, Ehire","Angels",2024,"2B","71","148","12"
"Adrianza, Ehire","Angels",2024,"3B","179","117","-31"
"Campero, Gustavo","Angels",2024,"RF","480","298","27"
"Adell, Jo","Angels",2024,"RF","4230","296","27"
"Adell, Jo","Angels",2024,"CF","144","324","0"
"Hicks, Aaron","Angels",2024,"LF","43","305","-26"
"Hicks, Aaron","Angels",2024,"CF","65","322","1"
"Hicks, Aaron","Angels",2024,"RF","259","295","27"
"Trout, Mike","Angels",2024,"CF","880","325","0"
"Kavadas, Niko","Angels",2024,"1B","194","107","36"
"Rengifo, Luis","Angels",2024,"3B","1560","119","-30"
"Rengifo, Luis","Angels",2024,"2B","1023","146","11"
"Rengifo, Luis","Angels",2024,"SS","42","147","-16"
"Guillorme, Luis","Angels",2024,"SS","139","148","-9"
"Guillorme, Luis","Angels",2024,"3B","394","120","-30"
"Guillorme, Luis","Angels",2024,"2B","685","148","11"
"Schanuel, Nolan","Angels",2024,"1B","5163","109","35"
"Teodosio, Bryce","Angels",2024,"CF","126","329","0"
"Drury, Brandon","Angels",2024,"3B","522","120","-31"
"Drury, Brandon","Angels",2024,"2B","1883","147","12"
"Drury, Brandon","Angels",2024,"1B","412","109","34"
"Calhoun, Willie","Angels",2024,"LF","13","303","-26"
"Calhoun, Willie","Angels",2024,"1B","137","107","37"
"Neto, Zach","Angels",2024,"SS","5651","148","-12"
"López, Jack","Angels",2024,"2B","541","148","11"
"López, Jack","Angels",2024,"SS","209","149","-11"
"Tucker, Cole","Angels",2024,"3B","288","120","-32"
"Tucker, Cole","Angels",2024,"LF","139","299","-26"
"Ward, Taylor","Angels",2024,"LF","5289","302","-27"
"Hiura, Keston","Angels",2024,"2B","134","147","13"
"Pillar, Kevin","Angels",2024,"CF","1361","323","0"
"Pillar, Kevin","Angels",2024,"RF","383","298","27"
"Pillar, Kevin","Angels",2024,"LF","570","299","-26"
"Rendon, Anthony","Angels",2024,"3B","1793","117","-31"
"Goodrum, Niko","Angels",2024,"3B","117","120","-30"
"Goodrum, Niko","Angels",2024,"1B","39","106","34"
"Wagaman, Eric","Angels",2024,"3B","674","117","-31"
"Paris, Kyren","Angels",2024,"2B","559","146","13"
"Paris, Kyren","Angels",2024,"SS","61","147","-11"
"Leblanc, Charles","Angels",2024,"3B","111","120","-32"
"Leblanc, Charles","Angels",2024,"1B","39","113","33"
"Leblanc, Charles","Angels",2024,"2B","77","148","12"
"Marte, Ketel","D-backs",2024,"2B","3954","148","12"
"Suárez, Eugenio","D-backs",2024,"3B","5789","121","-32"
"Alexander, Blaze","D-backs",2024,"3B","234","115","-33"
"Alexander, Blaze","D-backs",2024,"2B","520","146","12"
"Alexander, Blaze","D-backs",2024,"SS","607","146","-13"
"Grichuk, Randal","D-backs",2024,"RF","1249","293","27"
"Grichuk, Randal","D-backs",2024,"LF","383","296","-27"
"Thomas, Alek","D-backs",2024,"CF","997","309","0"
"Walker, Christian","D-backs",2024,"1B","4697","112","34"
"Peterson, Jace","D-backs",2024,"3B","33","115","-32"
"Peterson, Jace","D-backs",2024,"SS","121","145","-13"
"Peterson, Jace","D-backs",2024,"2B","53","147","13"
"Smith, Pavin","D-backs",2024,"1B","283","111","35"
"Smith, Pavin","D-backs",2024,"RF","476","297","27"
"Smith, Pavin","D-backs",2024,"LF","528","302","-28"
"Barrosa, Jorge","D-backs",2024,"CF","139","326","0"
"Barrosa, Jorge","D-backs",2024,"LF","10","308","-28"
"Gurriel Jr., Lourdes","D-backs",2024,"LF","4517","300","-27"
"Guillorme, Luis","D-backs",2024,"2B","412","149","12"
"Guillorme, Luis","D-backs",2024,"3B","11","121","-30"
"McCarthy, Jake","D-backs",2024,"LF","705","290","-27"
"McCarthy, Jake","D-backs",2024,"RF","1726","287","28"
"McCarthy, Jake","D-backs",2024,"CF","2110","322","0"
"Perdomo, Geraldo","D-backs",2024,"SS","3608","147","-13"
"Bell, Josh","D-backs",2024,"1B","1064","109","33"
"Newman, Kevin","D-backs",2024,"LF","11","305","-28"
"Newman, Kevin","D-backs",2024,"SS","1813","146","-14"
"Newman, Kevin","D-backs",2024,"3B","80","121","-33"
"Newman, Kevin","D-backs",2024,"1B","107","106","36"
"Newman, Kevin","D-backs",2024,"2B","1215","147","12"
"Carroll, Corbin","D-backs",2024,"RF","2703","294","27"
"Carroll, Corbin","D-backs",2024,"CF","2908","314","1"
"Rivera, Emmanuel","Orioles",2024,"1B","117","109","35"
"Rivera, Emmanuel","Orioles",2024,"3B","554","119","-34"
"Mayo, Coby","Orioles",2024,"3B","294","120","-33"
"Mayo, Coby","Orioles",2024,"1B","83","112","36"
"Hays, Austin","Orioles",2024,"RF","15","297","26"
"Hays, Austin","Orioles",2024,"LF","1511","300","-27"
"Kemp, Tony","Orioles",2024,"2B","78","148","8"
"Maton, Nick","Orioles",2024,"3B","52","113","-36"
"Mountcastle, Ryan","Orioles",2024,"1B","4093","114","35"
"McKenna, Ryan","Orioles",2024,"LF","26","304","-26"
"McKenna, Ryan","Orioles",2024,"CF","59","325","-1"
"McKenna, Ryan","Orioles",2024,"RF","33","299","27"
"Cowser, Colton","Orioles",2024,"RF","309","292","28"
"Cowser, Colton","Orioles",2024,"LF","3395","297","-27"
"Cowser, Colton","Orioles",2024,"CF","1326","325","1"
"Santander, Anthony","Orioles",2024,"RF","4697","297","28"
"Mullins, Cedric","Orioles",2024,"CF","4556","322","1"
"Slater, Austin","Orioles",2024,"CF","38","321","2"
"Slater, Austin","Orioles",2024,"LF","419","297","-27"
"Slater, Austin","Orioles",2024,"RF","166","294","27"
"Stowers, Kyle","Orioles",2024,"LF","151","301","-26"
"Stowers, Kyle","Orioles",2024,"RF","111","294","27"
"Kjerstad, Heston","Orioles",2024,"LF","361","295","-26"
"Kjerstad, Heston","Orioles",2024,"RF","209","296","27"
"Soto, Livan","Orioles",2024,"2B","129","148","12"
"Soto, Livan","Orioles",2024,"3B","27","113","-34"
"Holliday, Jackson","Orioles",2024,"2B","1957","148","11"
"Holliday, Jackson","Orioles",2024,"SS","59","146","-16"
"Pache, Cristian","Orioles",2024,"RF","15","284","29"
"Mateo, Jorge","Orioles",2024,"SS","136","146","-13"
"Mateo, Jorge","Orioles",2024,"2B","1892","147","11"
"Mateo, Jorge","Orioles",2024,"CF","78","318","1"
"O'Hearn, Ryan","Orioles",2024,"LF","186","297","-27"
"O'Hearn, Ryan","Orioles",2024,"1B","1717","108","34"
"O'Hearn, Ryan","Orioles",2024,"RF","497","294","27"
"Norby, Connor","Orioles",2024,"2B","314","148","12"
"Westburg, Jordan","Orioles",2024,"SS","56","145","-18"
"Westburg, Jordan","Orioles",2024,"3B","2247","120","-34"
"Westburg, Jordan","Orioles",2024,"2B","1620","148","12"
"Urías, Ramón","Orioles",2024,"2B","61","151","9"
"Urías, Ramón","Orioles",2024,"1B","42","111","35"
"Urías, Ramón","Orioles",2024,"3B","2883","121","-33"
"Henderson, Gunnar","Orioles",2024,"SS","5798","147","-14"
"Dalbec, Bobby","Red Sox",2024,"RF","74","293","29"
"Dalbec, Bobby","Red Sox",2024,"1B","518","110","32"
"Dalbec, Bobby","Red Sox",2024,"3B","299","122","-32"
"Gasper, Mickey","Red Sox",2024,"1B","11","110","36"
"Gasper, Mickey","Red Sox",2024,"2B","129","147","10"
"Smith, Dominic","Red Sox",2024,"1B","2434","111","32"
"Hamilton, David","Red Sox",2024,"2B","1091","147","11"
"Hamilton, David","Red Sox",2024,"SS","1882","145","-13"
"Gonzalez, Romy","Red Sox",2024,"LF","23","294","-28"
"Gonzalez, Romy","Red Sox",2024,"CF","40","321","0"
"Gonzalez, Romy","Red Sox",2024,"SS","345","146","-13"
"Gonzalez, Romy","Red Sox",2024,"2B","568","149","11"
"Gonzalez, Romy","Red Sox",2024,"RF","42","302","29"
"Gonzalez, Romy","Red Sox",2024,"1B","403","112","34"
"Gonzalez, Romy","Red Sox",2024,"3B","347","124","-33"
"Duran, Jarren","Red Sox",2024,"CF","3365","325","1"
"Duran, Jarren","Red Sox",2024,"LF","2623","295","-29"
"Devers, Rafael","Red Sox",2024,"3B","4807","120","-31"
"O'Neill, Tyler","Red Sox",2024,"RF","1289","288","28"
"O'Neill, Tyler","Red Sox",2024,"LF","2068","293","-28"
"Short, Zack","Red Sox",2024,"3B","39","120","-32"
"Short, Zack","Red Sox",2024,"2B","34","148","9"
"Story, Trevor","Red Sox",2024,"SS","937","146","-10"
"Westbrook, Jamie","Red Sox",2024,"2B","463","149","11"
"Abreu, Wilyer","Red Sox",2024,"LF","150","297","-28"
"Abreu, Wilyer","Red Sox",2024,"RF","3852","296","28"
"Sogard, Nick","Red Sox",2024,"SS","215","151","-11"
"Sogard, Nick","Red Sox",2024,"2B","425","149","10"
"Sogard, Nick","Red Sox",2024,"3B","226","120","-33"
"Refsnyder, Rob","Red Sox",2024,"RF","838","294","28"
"Refsnyder, Rob","Red Sox",2024,"LF","1233","297","-28"
"Cooper, Garrett","Red Sox",2024,"1B","298","108","33"
"Rafaela, Ceddanne","Red Sox",2024,"SS","2670","147","-13"
"Rafaela, Ceddanne","Red Sox",2024,"RF","13","291","28"
"Rafaela, Ceddanne","Red Sox",2024,"CF","2701","319","1"
"Rafaela, Ceddanne","Red Sox",2024,"2B","196","147","13"
"Rafaela, Ceddanne","Red Sox",2024,"3B","26","118","-32"
"Reyes, Pablo","Red Sox",2024,"3B","323","117","-31"
"Reyes, Pablo","Red Sox",2024,"1B","36","109","36"
"Reyes, Pablo","Red Sox",2024,"2B","171","146","11"
"Reyes, Pablo","Red Sox",2024,"SS","65","144","-15"
"Casas, Triston","Red Sox",2024,"1B","2129","111","34"
"Valdez, Enmanuel","Red Sox",2024,"3B","44","123","-32"
"Valdez, Enmanuel","Red Sox",2024,"2B","1930","150","11"
"Wong, Connor","Red Sox",2024,"1B","284","109","34"
"Wong, Connor","Red Sox",2024,"2B","71","147","10"
"Grissom, Vaughn","Red Sox",2024,"2B","1036","148","11"
"Morel, Christopher","Cubs",2024,"3B","2430","118","-31"
"Crow-Armstrong, Pete","Cubs",2024,"CF","4035","325","0"
"Suzuki, Seiya","Cubs",2024,"RF","2622","291","29"
"Suzuki, Seiya","Cubs",2024,"LF","39","300","-29"
"Madrigal, Nick","Cubs",2024,"3B","583","118","-33"
"Madrigal, Nick","Cubs",2024,"2B","394","147","12"
"Vazquez, Luis","Cubs",2024,"SS","110","148","-13"
"Vazquez, Luis","Cubs",2024,"3B","49","112","-29"
"Bellinger, Cody","Cubs",2024,"CF","1709","323","0"
"Bellinger, Cody","Cubs",2024,"1B","560","112","36"
"Bellinger, Cody","Cubs",2024,"RF","1635","296","28"
"Alcántara, Kevin","Cubs",2024,"RF","106","288","28"
"Paredes, Isaac","Cubs",2024,"3B","1789","117","-31"
"Bote, David","Cubs",2024,"1B","15","101","33"
"Bote, David","Cubs",2024,"2B","108","148","10"
"Bote, David","Cubs",2024,"3B","373","115","-30"
"Cooper, Garrett","Cubs",2024,"1B","108","108","35"
"Cooper, Garrett","Cubs",2024,"LF","16","298","-27"
"Mastrobuoni, Miles","Cubs",2024,"LF","32","299","-27"
"Mastrobuoni, Miles","Cubs",2024,"RF","19","295","27"
"Mastrobuoni, Miles","Cubs",2024,"2B","242","150","10"
"Mastrobuoni, Miles","Cubs",2024,"SS","262","148","-11"
"Mastrobuoni, Miles","Cubs",2024,"3B","399","118","-32"
"Happ, Ian","Cubs",2024,"LF","5231","301","-28"
"Busch, Michael","Cubs",2024,"1B","4762","112","34"
"Busch, Michael","Cubs",2024,"2B","70","150","10"
"Swanson, Dansby","Cubs",2024,"SS","5322","150","-12"
"Canario, Alexander","Cubs",2024,"RF","102","293","27"
"Canario, Alexander","Cubs",2024,"LF","208","298","-27"
"Tauchman, Mike","Cubs",2024,"LF","437","299","-28"
"Tauchman, Mike","Cubs",2024,"CF","272","326","0"
"Tauchman, Mike","Cubs",2024,"RF","1461","296","27"
"Wisdom, Patrick","Cubs",2024,"1B","568","109","33"
"Wisdom, Patrick","Cubs",2024,"RF","71","298","28"
"Wisdom, Patrick","Cubs",2024,"3B","390","117","-31"
"Wisdom, Patrick","Cubs",2024,"LF","48","307","-28"
"Wisdom, Patrick","Cubs",2024,"2B","17","150","11"
"Hoerner, Nico","Cubs",2024,"SS","322","150","-13"
"Hoerner, Nico","Cubs",2024,"2B","5182","150","11"
"Fairchild, Stuart","Reds",2024,"LF","80","296","-27"
"Fairchild, Stuart","Reds",2024,"RF","557","294","27"
"Fairchild, Stuart","Reds",2024,"CF","1566","320","0"
"Candelario, Jeimer","Reds",2024,"3B","1939","122","-31"
"Candelario, Jeimer","Reds",2024,"1B","1006","110","33"
"Smith, Dominic","Reds",2024,"1B","165","113","32"
"Steer, Spencer","Reds",2024,"LF","3326","295","-27"
"Steer, Spencer","Reds",2024,"SS","11","149","-16"
"Steer, Spencer","Reds",2024,"1B","2079","113","34"
"Steer, Spencer","Reds",2024,"RF","31","293","27"
"Steer, Spencer","Reds",2024,"2B","96","149","11"
"Wiemer, Joey","Reds",2024,"RF","19","304","26"
"Fraley, Jake","Reds",2024,"CF","13","317","1"
"Fraley, Jake","Reds",2024,"RF","3095","291","27"
"Fraley, Jake","Reds",2024,"LF","150","294","-27"
"Friedl, TJ","Reds",2024,"CF","2886","322","0"
"Hinds, Rece","Reds",2024,"CF","22","318","0"
"Hinds, Rece","Reds",2024,"RF","470","290","26"
"Hinds, Rece","Reds",2024,"LF","23","292","-26"
"Benson, Will","Reds",2024,"CF","1111","318","0"
"Benson, Will","Reds",2024,"LF","1304","296","-26"
"Benson, Will","Reds",2024,"RF","1295","295","27"
"De La Cruz, Elly","Reds",2024,"SS","5908","148","-12"
"Encarnacion-Strand, Christian","Reds",2024,"1B","1082","112","34"
"Dunn, Blake","Reds",2024,"RF","38","281","25"
"Dunn, Blake","Reds",2024,"LF","202","299","-28"
"Dunn, Blake","Reds",2024,"CF","84","317","1"
"Espinal, Santiago","Reds",2024,"2B","1040","148","11"
"Espinal, Santiago","Reds",2024,"3B","2125","120","-31"
"Espinal, Santiago","Reds",2024,"RF","59","295","27"
"Espinal, Santiago","Reds",2024,"SS","125","148","-12"
"Espinal, Santiago","Reds",2024,"LF","70","301","-26"
"Marte, Noelvi","Reds",2024,"3B","1980","123","-32"
"Slater, Austin","Reds",2024,"RF","34","295","27"
"Slater, Austin","Reds",2024,"LF","39","294","-27"
"Slater, Austin","Reds",2024,"CF","135","315","1"
"Jordan, Levi","Reds",2024,"LF","58","294","-26"
"Jordan, Levi","Reds",2024,"RF","44","295","25"
"Jordan, Levi","Reds",2024,"2B","16","151","10"
"Hurtubise, Jacob","Reds",2024,"RF","43","296","26"
"Hurtubise, Jacob","Reds",2024,"LF","565","300","-27"
"India, Jonathan","Reds",2024,"2B","4814","145","12"
"Ríos, Edwin","Reds",2024,"1B","71","111","33"
"Rosario, Amed","Reds",2024,"2B","75","147","12"
"Rosario, Amed","Reds",2024,"RF","148","291","27"
"Thompson, Bubba","Reds",2024,"CF","223","319","0"
"Ford, Mike","Reds",2024,"1B","65","111","31"
"Capel, Conner","Reds",2024,"LF","21","294","-28"
"Martini, Nick","Reds",2024,"RF","211","291","26"
"Martini, Nick","Reds",2024,"LF","202","298","-26"
"France, Ty","Reds",2024,"1B","1576","110","32"
"Manzardo, Kyle","Guardians",2024,"1B","109","113","34"
"Kwan, Steven","Guardians",2024,"LF","4121","301","-25"
"Rodriguez, Johnathan","Guardians",2024,"RF","317","289","26"
"Freeman, Tyler","Guardians",2024,"3B","76","124","-32"
"Freeman, Tyler","Guardians",2024,"SS","169","146","-15"
"Freeman, Tyler","Guardians",2024,"2B","105","147","10"
"Freeman, Tyler","Guardians",2024,"CF","3033","317","2"
"Giménez, Andrés","Guardians",2024,"2B","5500","149","11"
"Ramírez, José","Guardians",2024,"3B","4560","127","-32"
"Fry, David","Guardians",2024,"3B","28","128","-33"
"Fry, David","Guardians",2024,"RF","73","301","26"
"Fry, David","Guardians",2024,"LF","464","307","-25"
"Fry, David","Guardians",2024,"1B","617","111","34"
"Arias, Gabriel","Guardians",2024,"LF","51","297","-25"
"Arias, Gabriel","Guardians",2024,"SS","476","147","-13"
"Arias, Gabriel","Guardians",2024,"CF","78","323","1"
"Arias, Gabriel","Guardians",2024,"RF","30","295","26"
"Arias, Gabriel","Guardians",2024,"1B","70","109","34"
"Arias, Gabriel","Guardians",2024,"3B","642","127","-30"
"Arias, Gabriel","Guardians",2024,"2B","146","150","9"
"Straw, Myles","Guardians",2024,"CF","54","319","2"
"Naylor, Josh","Guardians",2024,"1B","4947","111","33"
"Thomas, Lane","Guardians",2024,"RF","394","298","27"
"Thomas, Lane","Guardians",2024,"CF","1237","322","2"
"Martínez, Angel","Guardians",2024,"CF","615","322","2"
"Martínez, Angel","Guardians",2024,"RF","126","298","26"
"Martínez, Angel","Guardians",2024,"2B","34","154","4"
"Martínez, Angel","Guardians",2024,"3B","109","125","-33"
"Martínez, Angel","Guardians",2024,"LF","486","304","-24"
"Schneemann, Daniel","Guardians",2024,"LF","94","313","-24"
"Schneemann, Daniel","Guardians",2024,"2B","121","149","9"
"Schneemann, Daniel","Guardians",2024,"SS","711","148","-14"
"Schneemann, Daniel","Guardians",2024,"CF","456","331","2"
"Schneemann, Daniel","Guardians",2024,"RF","297","307","27"
"Schneemann, Daniel","Guardians",2024,"3B","445","121","-32"
"Rocchio, Brayan","Guardians",2024,"SS","4550","147","-14"
"Tena, José","Guardians",2024,"3B","46","119","-35"
"Noel, Jhonkensy","Guardians",2024,"RF","1545","304","28"
"Noel, Jhonkensy","Guardians",2024,"1B","163","112","34"
"Brennan, Will","Guardians",2024,"CF","179","322","3"
"Brennan, Will","Guardians",2024,"RF","2343","295","27"
"Brennan, Will","Guardians",2024,"LF","353","299","-24"
"Laureano, Ramón","Guardians",2024,"RF","557","297","27"
"Laureano, Ramón","Guardians",2024,"CF","219","316","1"
"Florial, Estevan","Guardians",2024,"RF","224","298","27"
"Florial, Estevan","Guardians",2024,"CF","35","325","0"
"Florial, Estevan","Guardians",2024,"LF","325","303","-25"
"Tovar, Ezequiel","Rockies",2024,"SS","6010","146","-12"
"Jones, Nolan","Rockies",2024,"LF","2543","297","-28"
"Goodman, Hunter","Rockies",2024,"1B","133","116","37"
"Goodman, Hunter","Rockies",2024,"RF","684","297","28"
"Goodman, Hunter","Rockies",2024,"LF","203","298","-28"
"Bryant, Kris","Rockies",2024,"1B","366","110","36"
"Bryant, Kris","Rockies",2024,"RF","425","296","27"
"McMahon, Ryan","Rockies",2024,"3B","5681","123","-31"
"Jones, Greg","Rockies",2024,"RF","66","301","30"
"Doyle, Brenton","Rockies",2024,"CF","5393","324","0"
"Rodgers, Brendan","Rockies",2024,"2B","4767","148","13"
"Trejo, Alan","Rockies",2024,"3B","139","121","-32"
"Trejo, Alan","Rockies",2024,"2B","511","147","12"
"Trejo, Alan","Rockies",2024,"SS","66","150","-12"
"Bouchard, Sean","Rockies",2024,"LF","459","291","-28"
"Bouchard, Sean","Rockies",2024,"RF","571","296","27"
"Hilliard, Sam","Rockies",2024,"CF","541","318","1"
"Hilliard, Sam","Rockies",2024,"RF","335","297","27"
"Hilliard, Sam","Rockies",2024,"LF","791","300","-28"
"Schunk, Aaron","Rockies",2024,"2B","553","147","12"
"Schunk, Aaron","Rockies",2024,"SS","146","149","-10"
"Schunk, Aaron","Rockies",2024,"3B","402","121","-32"
"Blackmon, Charlie","Rockies",2024,"RF","809","299","27"
"Cave, Jake","Rockies",2024,"RF","2395","300","28"
"Cave, Jake","Rockies",2024,"CF","199","326","1"
"Cave, Jake","Rockies",2024,"LF","868","300","-28"
"Toglia, Michael","Rockies",2024,"1B","3936","113","35"
"Toglia, Michael","Rockies",2024,"RF","470","292","28"
"Montero, Elehuris","Rockies",2024,"1B","1787","112","37"
"Beck, Jordan","Rockies",2024,"RF","467","296","28"
"Beck, Jordan","Rockies",2024,"CF","86","321","1"
"Beck, Jordan","Rockies",2024,"LF","1351","294","-28"
"Amador, Adael","Rockies",2024,"2B","391","147","14"
"Carpenter, Kerry","Tigers",2024,"RF","1250","293","26"
"Carpenter, Kerry","Tigers",2024,"LF","95","297","-27"
"Kreidler, Ryan","Tigers",2024,"SS","631","147","-14"
"Kreidler, Ryan","Tigers",2024,"3B","98","120","-35"
"Madris, Bligh","Tigers",2024,"1B","670","111","33"
"Madris, Bligh","Tigers",2024,"RF","23","299","25"
"Vierling, Matt","Tigers",2024,"RF","990","293","25"
"Vierling, Matt","Tigers",2024,"CF","1701","324","-1"
"Vierling, Matt","Tigers",2024,"LF","299","294","-28"
"Vierling, Matt","Tigers",2024,"3B","1532","118","-31"
"Keith, Colt","Tigers",2024,"2B","4454","147","11"
"Malloy, Justyn-Henry","Tigers",2024,"LF","484","297","-27"
"Vilade, Ryan","Tigers",2024,"LF","210","297","-27"
"Vilade, Ryan","Tigers",2024,"RF","217","296","25"
"Vilade, Ryan","Tigers",2024,"CF","36","320","-2"
"Baddoo, Akil","Tigers",2024,"RF","102","297","26"
"Baddoo, Akil","Tigers",2024,"LF","650","295","-28"
"Baddoo, Akil","Tigers",2024,"CF","26","325","-1"
"Canha, Mark","Tigers",2024,"LF","761","299","-28"
"Canha, Mark","Tigers",2024,"RF","372","300","25"
"Canha, Mark","Tigers",2024,"1B","1020","109","35"
"McKinstry, Zach","Tigers",2024,"2B","407","148","10"
"McKinstry, Zach","Tigers",2024,"SS","1331","148","-13"
"McKinstry, Zach","Tigers",2024,"LF","333","298","-27"
"McKinstry, Zach","Tigers",2024,"RF","172","298","25"
"McKinstry, Zach","Tigers",2024,"3B","734","118","-32"
"Sweeney, Trey","Tigers",2024,"SS","1128","146","-13"
"Torkelson, Spencer","Tigers",2024,"1B","3218","114","34"
"Kennedy, Buddy","Tigers",2024,"2B","94","144","13"
"Urshela, Gio","Tigers",2024,"3B","2407","118","-31"
"Urshela, Gio","Tigers",2024,"1B","557","107","35"
"Jung, Jace","Tigers",2024,"3B","720","115","-32"
"Meadows, Parker","Tigers",2024,"CF","2598","325","-1"
"Báez, Javier","Tigers",2024,"SS","2774","144","-13"
"Ibáñez, Andy","Tigers",2024,"1B","417","108","34"
"Ibáñez, Andy","Tigers",2024,"3B","398","113","-33"
"Ibáñez, Andy","Tigers",2024,"2B","938","145","13"
"Ibáñez, Andy","Tigers",2024,"LF","92","290","-27"
"Ibáñez, Andy","Tigers",2024,"SS","32","145","-13"
"Greene, Riley","Tigers",2024,"RF","97","291","24"
"Greene, Riley","Tigers",2024,"LF","2891","294","-27"
"Greene, Riley","Tigers",2024,"CF","805","320","-1"
"Pérez, Wenceel","Tigers",2024,"RF","2671","297","25"
"Pérez, Wenceel","Tigers",2024,"LF","78","293","-27"
"Pérez, Wenceel","Tigers",2024,"CF","727","325","-1"
"Hummel, Cooper","Astros",2024,"LF","40","297","-28"
"Bregman, Alex","Astros",2024,"3B","5098","117","-31"
"Altuve, Jose","Astros",2024,"2B","5226","148","12"
"Peña, Jeremy","Astros",2024,"SS","5741","147","-11"
"Alvarez, Yordan","Astros",2024,"LF","1730","298","-27"
"Kessinger, Grae","Astros",2024,"3B","115","121","-30"
"Kessinger, Grae","Astros",2024,"2B","58","147","9"
"Kessinger, Grae","Astros",2024,"1B","23","104","35"
"Kessinger, Grae","Astros",2024,"SS","47","150","-9"
"Díaz, Aledmys","Astros",2024,"1B","32","107","35"
"Meyers, Jake","Astros",2024,"CF","4773","319","0"
"Tucker, Kyle","Astros",2024,"RF","2453","294","26"
"Whitcomb, Shay","Astros",2024,"2B","64","150","11"
"Whitcomb, Shay","Astros",2024,"3B","367","119","-32"
"Loperfido, Joey","Astros",2024,"LF","600","298","-26"
"Loperfido, Joey","Astros",2024,"1B","10","118","33"
"Loperfido, Joey","Astros",2024,"RF","416","298","25"
"Loperfido, Joey","Astros",2024,"CF","130","315","-1"
"Dezenzo, Zach","Astros",2024,"1B","406","110","35"
"Dezenzo, Zach","Astros",2024,"3B","27","123","-33"
"Heyward, Jason","Astros",2024,"CF","22","324","1"
"Heyward, Jason","Astros",2024,"RF","346","294","27"
"Heyward, Jason","Astros",2024,"LF","235","294","-26"
"Abreu, José","Astros",2024,"1B","1109","108","35"
"León, Pedro","Astros",2024,"RF","207","299","27"
"McCormick, Chas","Astros",2024,"RF","998","302","26"
"McCormick, Chas","Astros",2024,"LF","1288","299","-27"
"McCormick, Chas","Astros",2024,"CF","388","322","0"
"Gamel, Ben","Astros",2024,"RF","484","299","27"
"Gamel, Ben","Astros",2024,"LF","167","297","-26"
"Diaz, Yainer","Astros",2024,"1B","406","109","35"
"Dubón, Mauricio","Astros",2024,"SS","136","146","-10"
"Dubón, Mauricio","Astros",2024,"RF","374","294","28"
"Dubón, Mauricio","Astros",2024,"LF","1680","295","-27"
"Dubón, Mauricio","Astros",2024,"CF","611","315","0"
"Dubón, Mauricio","Astros",2024,"3B","317","120","-33"
"Dubón, Mauricio","Astros",2024,"1B","364","106","35"
"Dubón, Mauricio","Astros",2024,"2B","560","148","13"
"Amaya, Jacob","Astros",2024,"2B","13","141","10"
"Singleton, Jon","Astros",2024,"1B","3245","110","34"
"Caratini, Victor","Astros",2024,"1B","329","106","34"
"Cabbage, Trey","Astros",2024,"LF","181","302","-27"
"Cabbage, Trey","Astros",2024,"RF","646","300","27"
"Velázquez, Nelson","Royals",2024,"RF","342","288","28"
"Velázquez, Nelson","Royals",2024,"LF","251","290","-28"
"Gurriel, Yuli","Royals",2024,"1B","424","112","35"
"Grossman, Robbie","Royals",2024,"RF","34","295","28"
"Renfroe, Hunter","Royals",2024,"RF","3936","293","27"
"Pham, Tommy","Royals",2024,"RF","278","297","27"
"Pham, Tommy","Royals",2024,"LF","362","292","-27"
"Frazier, Adam","Royals",2024,"2B","1121","146","14"
"Frazier, Adam","Royals",2024,"LF","140","287","-26"
"Frazier, Adam","Royals",2024,"3B","151","120","-31"
"Frazier, Adam","Royals",2024,"RF","676","288","27"
"Witt Jr., Bobby","Royals",2024,"SS","5840","148","-12"
"Alexander, CJ","Royals",2024,"3B","102","122","-32"
"Garcia, Maikel","Royals",2024,"2B","1017","147","16"
"Garcia, Maikel","Royals",2024,"SS","89","149","-13"
"Garcia, Maikel","Royals",2024,"3B","4226","120","-33"
"Melendez, MJ","Royals",2024,"LF","3933","296","-27"
"Melendez, MJ","Royals",2024,"RF","98","288","28"
"Gentry, Tyler","Royals",2024,"RF","60","292","26"
"Massey, Michael","Royals",2024,"2B","2593","148","13"
"Hampson, Garrett","Royals",2024,"LF","394","298","-28"
"Hampson, Garrett","Royals",2024,"RF","103","297","27"
"Hampson, Garrett","Royals",2024,"1B","63","120","35"
"Hampson, Garrett","Royals",2024,"2B","413","147","14"
"Hampson, Garrett","Royals",2024,"3B","37","122","-34"
"Hampson, Garrett","Royals",2024,"CF","1307","320","0"
"Hampson, Garrett","Royals",2024,"SS","43","150","-14"
"Pasquantino, Vinnie","Royals",2024,"1B","3758","113","35"
"DeJong, Paul","Royals",2024,"3B","985","119","-31"
"Isbel, Kyle","Royals",2024,"CF","4382","320","0"
"Loftin, Nick","Royals",2024,"3B","475","119","-31"
"Loftin, Nick","Royals",2024,"2B","832","146","13"
"Loftin, Nick","Royals",2024,"1B","99","107","35"
"Loftin, Nick","Royals",2024,"LF","48","291","-27"
"Blanco, Dairon","Royals",2024,"CF","287","322","0"
"Blanco, Dairon","Royals",2024,"LF","760","298","-27"
"Blanco, Dairon","Royals",2024,"RF","327","292","27"
"Perez, Salvador","Royals",2024,"1B","1615","110","35"
"Waters, Drew","Royals",2024,"LF","81","301","-27"
"Waters, Drew","Royals",2024,"RF","113","293","27"
"Rojas, Miguel","Dodgers",2024,"3B","263","124","-31"
"Rojas, Miguel","Dodgers",2024,"2B","376","150","11"
"Rojas, Miguel","Dodgers",2024,"SS","2516","149","-11"
"Biggio, Cavan","Dodgers",2024,"3B","462","122","-31"
"Biggio, Cavan","Dodgers",2024,"RF","25","293","26"
"Biggio, Cavan","Dodgers",2024,"1B","330","112","35"
"Freeman, Freddie","Dodgers",2024,"1B","5198","112","34"
"Lux, Gavin","Dodgers",2024,"2B","4310","149","11"
"Edman, Tommy","Dodgers",2024,"SS","526","149","-11"
"Edman, Tommy","Dodgers",2024,"CF","809","315","0"
"Muncy, Max","Dodgers",2024,"3B","2401","123","-32"
"Outman, James","Dodgers",2024,"CF","1304","317","0"
"Kiermaier, Kevin","Dodgers",2024,"CF","734","319","0"
"Trammell, Taylor","Dodgers",2024,"LF","34","295","-26"
"Vargas, Miguel","Dodgers",2024,"LF","714","297","-27"
"Hernández, Enrique","Dodgers",2024,"LF","342","295","-27"
"Hernández, Enrique","Dodgers",2024,"1B","397","116","35"
"Hernández, Enrique","Dodgers",2024,"SS","275","149","-13"
"Hernández, Enrique","Dodgers",2024,"CF","219","318","1"
"Hernández, Enrique","Dodgers",2024,"3B","2187","124","-32"
"Hernández, Enrique","Dodgers",2024,"2B","215","148","12"
"Heyward, Jason","Dodgers",2024,"RF","1724","291","27"
"Rosario, Amed","Dodgers",2024,"SS","39","149","-13"
"Rosario, Amed","Dodgers",2024,"2B","53","149","10"
"Pages, Andy","Dodgers",2024,"LF","157","291","-27"
"Pages, Andy","Dodgers",2024,"RF","951","291","27"
"Pages, Andy","Dodgers",2024,"CF","2763","315","0"
"Ahmed, Nick","Dodgers",2024,"SS","512","148","-13"
"Betts, Mookie","Dodgers",2024,"SS","2061","148","-13"
"Betts, Mookie","Dodgers",2024,"2B","436","149","11"
"Betts, Mookie","Dodgers",2024,"RF","1415","292","27"
"Taylor, Chris","Dodgers",2024,"3B","616","125","-30"
"Taylor, Chris","Dodgers",2024,"2B","527","149","11"
"Taylor, Chris","Dodgers",2024,"LF","1137","295","-27"
"Taylor, Chris","Dodgers",2024,"CF","101","311","0"
"Hernández, Teoscar","Dodgers",2024,"LF","3544","295","-27"
"Hernández, Teoscar","Dodgers",2024,"RF","1807","292","27"
"Crews, Dylan","Nationals",2024,"RF","1027","298","27"
"Crews, Dylan","Nationals",2024,"CF","130","326","-2"
"Wood, James","Nationals",2024,"LF","3009","300","-28"
"Yepez, Juan","Nationals",2024,"1B","1753","111","34"
"Senzel, Nick","Nationals",2024,"3B","1628","119","-34"
"García Jr., Luis","Nationals",2024,"2B","4623","148","10"
"Call, Alex","Nationals",2024,"LF","26","297","-27"
"Call, Alex","Nationals",2024,"CF","88","321","-1"
"Call, Alex","Nationals",2024,"RF","938","292","27"
"Rosario, Eddie","Nationals",2024,"RF","791","289","27"
"Rosario, Eddie","Nationals",2024,"LF","579","296","-27"
"Rosario, Eddie","Nationals",2024,"CF","319","319","-2"
"Meneses, Joey","Nationals",2024,"1B","1782","112","33"
"Nuñez, Nasim","Nationals",2024,"2B","11","143","13"
"Nuñez, Nasim","Nationals",2024,"SS","862","145","-15"
"Gallo, Joey","Nationals",2024,"1B","1992","106","35"
"Gallo, Joey","Nationals",2024,"LF","13","293","-27"
"Gallo, Joey","Nationals",2024,"RF","314","292","28"
"Blankenhorn, Travis","Nationals",2024,"RF","82","292","27"
"Chaparro, Andrés","Nationals",2024,"1B","450","114","35"
"Vargas, Ildemaro","Nationals",2024,"3B","1258","120","-34"
"Vargas, Ildemaro","Nationals",2024,"LF","321","310","-26"
"Vargas, Ildemaro","Nationals",2024,"SS","221","145","-16"
"Vargas, Ildemaro","Nationals",2024,"2B","1046","146","11"
"Winker, Jesse","Nationals",2024,"LF","2138","305","-28"
"Winker, Jesse","Nationals",2024,"RF","31","292","28"
"Baker, Darren","Nationals",2024,"2B","84","144","11"
"Thomas, Lane","Nationals",2024,"CF","85","326","-1"
"Thomas, Lane","Nationals",2024,"RF","2730","299","27"
"Lipscomb, Trey","Nationals",2024,"3B","1963","118","-33"
"Lipscomb, Trey","Nationals",2024,"2B","62","148","6"
"Lipscomb, Trey","Nationals",2024,"1B","111","106","35"
"Abrams, CJ","Nationals",2024,"SS","5012","146","-15"
"Robles, Victor","Nationals",2024,"CF","165","317","0"
"Robles, Victor","Nationals",2024,"RF","182","293","27"
"Tena, José","Nationals",2024,"2B","269","150","10"
"Tena, José","Nationals",2024,"3B","1246","122","-36"
"Young, Jacob","Nationals",2024,"CF","5308","326","-1"
"Alonso, Pete","Mets",2024,"1B","5864","112","35"
"Alvarez, Eddy","Mets",2024,"2B","134","149","12"
"Alvarez, Eddy","Mets",2024,"SS","24","148","-14"
"Lindor, Francisco","Mets",2024,"SS","5458","149","-12"
"Nimmo, Brandon","Mets",2024,"CF","614","323","0"
"Nimmo, Brandon","Mets",2024,"LF","4569","297","-27"
"McNeil, Jeff","Mets",2024,"RF","422","298","28"
"McNeil, Jeff","Mets",2024,"LF","372","305","-27"
"McNeil, Jeff","Mets",2024,"2B","3649","148","12"
"Iglesias, Jose","Mets",2024,"SS","71","148","-14"
"Iglesias, Jose","Mets",2024,"3B","567","118","-31"
"Iglesias, Jose","Mets",2024,"2B","1946","149","13"
"Taylor, Tyrone","Mets",2024,"CF","1115","321","1"
"Taylor, Tyrone","Mets",2024,"LF","511","296","-27"
"Taylor, Tyrone","Mets",2024,"RF","1482","293","27"
"Winker, Jesse","Mets",2024,"LF","258","302","-26"
"Winker, Jesse","Mets",2024,"RF","391","299","28"
"Baty, Brett","Mets",2024,"3B","1592","121","-31"
"Short, Zack","Mets",2024,"3B","112","116","-31"
"Stewart, DJ","Mets",2024,"1B","18","110","37"
"Stewart, DJ","Mets",2024,"LF","166","297","-27"
"Stewart, DJ","Mets",2024,"RF","639","293","27"
"Acuña, Luisangel","Mets",2024,"SS","372","148","-12"
"Acuña, Luisangel","Mets",2024,"2B","24","149","11"
"Marte, Starling","Mets",2024,"RF","2860","294","27"
"Gamel, Ben","Mets",2024,"RF","202","298","28"
"Gamel, Ben","Mets",2024,"LF","120","302","-27"
"Vientos, Mark","Mets",2024,"3B","3609","124","-31"
"Vientos, Mark","Mets",2024,"1B","114","111","36"
"Bader, Harrison","Mets",2024,"CF","4267","323","0"
"Wendle, Joey","Mets",2024,"2B","238","148","12"
"Wendle, Joey","Mets",2024,"3B","116","117","-33"
"Wendle, Joey","Mets",2024,"SS","66","147","-11"
"Andujar, Miguel","Athletics",2024,"LF","2598","300","-27"
"Davis, J.D.","Athletics",2024,"1B","636","111","35"
"Davis, J.D.","Athletics",2024,"3B","417","119","-31"
"Noda, Ryan","Athletics",2024,"RF","12","300","28"
"Noda, Ryan","Athletics",2024,"1B","936","109","35"
"Rooker, Brent","Athletics",2024,"RF","140","300","27"
"Rooker, Brent","Athletics",2024,"LF","314","303","-27"
"Schuemann, Max","Athletics",2024,"CF","29","317","0"
"Schuemann, Max","Athletics",2024,"2B","206","149","12"
"Schuemann, Max","Athletics",2024,"3B","845","123","-34"
"Schuemann, Max","Athletics",2024,"LF","122","291","-27"
"Schuemann, Max","Athletics",2024,"SS","3342","149","-12"
"Bleday, JJ","Athletics",2024,"CF","5539","322","0"
"Ruiz, Esteury","Athletics",2024,"CF","183","317","0"
"Ruiz, Esteury","Athletics",2024,"LF","371","290","-27"
"Soderstrom, Tyler","Athletics",2024,"1B","1942","111","34"
"Brown, Seth","Athletics",2024,"LF","1578","295","-27"
"Brown, Seth","Athletics",2024,"RF","908","293","27"
"Brown, Seth","Athletics",2024,"1B","1222","112","35"
"Díaz, Aledmys","Athletics",2024,"2B","38","146","13"
"Díaz, Aledmys","Athletics",2024,"1B","74","106","35"
"Díaz, Aledmys","Athletics",2024,"SS","187","144","-12"
"Díaz, Aledmys","Athletics",2024,"3B","28","116","-31"
"Harris, Brett","Athletics",2024,"3B","1207","122","-31"
"Gray, Tristan","Athletics",2024,"3B","71","119","-32"
"Gray, Tristan","Athletics",2024,"1B","191","114","34"
"Cameron, Daz","Athletics",2024,"CF","353","314","0"
"Cameron, Daz","Athletics",2024,"LF","789","295","-28"
"Cameron, Daz","Athletics",2024,"RF","521","291","27"
"Hernaiz, Darell","Athletics",2024,"2B","52","143","14"
"Hernaiz, Darell","Athletics",2024,"SS","568","147","-12"
"Hernaiz, Darell","Athletics",2024,"3B","801","120","-32"
"Wilson, Jacob","Athletics",2024,"SS","1027","145","-13"
"Gelof, Zack","Athletics",2024,"2B","5132","146","13"
"Toro, Abraham","Athletics",2024,"3B","1789","118","-32"
"Toro, Abraham","Athletics",2024,"LF","38","298","-27"
"Toro, Abraham","Athletics",2024,"2B","656","147","12"
"Toro, Abraham","Athletics",2024,"1B","123","109","35"
"Alvarez, Armando","Athletics",2024,"1B","129","110","36"
"Alvarez, Armando","Athletics",2024,"2B","35","147","18"
"Alvarez, Armando","Athletics",2024,"LF","27","297","-29"
"Alvarez, Armando","Athletics",2024,"3B","158","120","-33"
"Allen, Nick","Athletics",2024,"SS","1001","149","-12"
"Allen, Nick","Athletics",2024,"3B","125","120","-34"
"Nevin, Tyler","Athletics",2024,"1B","872","111","35"
"Nevin, Tyler","Athletics",2024,"3B","684","117","-32"
"Nevin, Tyler","Athletics",2024,"RF","468","295","27"
"Nevin, Tyler","Athletics",2024,"LF","288","294","-27"
"Butler, Lawrence","Athletics",2024,"CF","18","323","0"
"Butler, Lawrence","Athletics",2024,"RF","4072","297","28"
"Triolo, Jared","Pirates",2024,"SS","285","147","-12"
"Triolo, Jared","Pirates",2024,"3B","2281","115","-32"
"Triolo, Jared","Pirates",2024,"2B","1567","147","11"
"Triolo, Jared","Pirates",2024,"1B","180","108","35"
"Taylor, Michael A.","Pirates",2024,"CF","3083","322","0"
"Taylor, Michael A.","Pirates",2024,"LF","54","293","-28"
"Gonzales, Nick","Pirates",2024,"3B","41","122","-32"
"Gonzales, Nick","Pirates",2024,"2B","3169","147","11"
"Gonzales, Nick","Pirates",2024,"SS","256","147","-11"
"De La Cruz, Bryan","Pirates",2024,"RF","1404","297","28"
"De La Cruz, Bryan","Pirates",2024,"LF","149","301","-27"
"McKinney, Billy","Pirates",2024,"RF","77","299","27"
"McKinney, Billy","Pirates",2024,"CF","14","321","1"
"McKinney, Billy","Pirates",2024,"LF","155","299","-27"
"Kiner-Falefa, Isiah","Pirates",2024,"2B","549","146","13"
"Kiner-Falefa, Isiah","Pirates",2024,"SS","1022","145","-13"
"Kiner-Falefa, Isiah","Pirates",2024,"3B","267","111","-32"
"Suwinski, Jack","Pirates",2024,"RF","197","297","28"
"Suwinski, Jack","Pirates",2024,"LF","979","299","-27"
"Suwinski, Jack","Pirates",2024,"CF","1446","326","0"
"Grandal, Yasmani","Pirates",2024,"1B","13","110","34"
"Bae, Ji Hwan","Pirates",2024,"RF","302","288","28"
"Bae, Ji Hwan","Pirates",2024,"CF","547","324","1"
"Tellez, Rowdy","Pirates",2024,"1B","3852","112","34"
"Hayes, Ke'Bryan","Pirates",2024,"3B","3496","110","-33"
"Yorke, Nick","Pirates",2024,"RF","63","289","28"
"Yorke, Nick","Pirates",2024,"3B","43","114","-34"
"Yorke, Nick","Pirates",2024,"LF","31","295","-26"
"Yorke, Nick","Pirates",2024,"2B","251","145","12"
"Williams, Alika","Pirates",2024,"SS","428","148","-13"
"Williams, Alika","Pirates",2024,"2B","586","148","11"
"Reynolds, Bryan","Pirates",2024,"LF","4303","302","-27"
"Reynolds, Bryan","Pirates",2024,"RF","671","291","28"
"Palacios, Joshua","Pirates",2024,"RF","489","296","28"
"Palacios, Joshua","Pirates",2024,"LF","131","303","-27"
"Palacios, Joshua","Pirates",2024,"CF","61","331","0"
"Joe, Connor","Pirates",2024,"RF","1305","297","28"
"Joe, Connor","Pirates",2024,"LF","206","301","-27"
"Joe, Connor","Pirates",2024,"1B","1938","109","33"
"Cook, Billy","Pirates",2024,"LF","105","302","-26"
"Cook, Billy","Pirates",2024,"CF","144","324","0"
"Cook, Billy","Pirates",2024,"1B","145","108","35"
"Cook, Billy","Pirates",2024,"RF","122","291","28"
"Cruz, Oneil","Pirates",2024,"SS","4029","147","-12"
"Cruz, Oneil","Pirates",2024,"CF","833","327","0"
"McCutchen, Andrew","Pirates",2024,"RF","95","298","27"
"Olivares, Edward","Pirates",2024,"RF","1394","293","28"
"Olivares, Edward","Pirates",2024,"LF","15","295","-28"
"Peguero, Liover","Pirates",2024,"SS","108","148","-13"
"McCoy, Mason","Padres",2024,"SS","613","147","-12"
"Bogaerts, Xander","Padres",2024,"2B","2967","147","12"
"Bogaerts, Xander","Padres",2024,"SS","596","147","-12"
"Lockridge, Brandon","Padres",2024,"RF","73","290","27"
"Lockridge, Brandon","Padres",2024,"CF","34","320","0"
"Lockridge, Brandon","Padres",2024,"LF","28","299","-27"
"Profar, Jurickson","Padres",2024,"1B","77","107","35"
"Profar, Jurickson","Padres",2024,"LF","4963","297","-27"
"Peralta, David","Padres",2024,"RF","1650","299","27"
"Peralta, David","Padres",2024,"LF","238","299","-28"
"Solano, Donovan","Padres",2024,"2B","10","149","14"
"Solano, Donovan","Padres",2024,"1B","669","112","35"
"Solano, Donovan","Padres",2024,"3B","1038","120","-32"
"Rosario, Eguy","Padres",2024,"2B","11","148","10"
"Rosario, Eguy","Padres",2024,"3B","436","116","-33"
"Batten, Matthew","Padres",2024,"1B","28","113","34"
"Cronenworth, Jake","Padres",2024,"1B","2868","112","33"
"Cronenworth, Jake","Padres",2024,"2B","2439","148","12"
"Arraez, Luis","Padres",2024,"2B","234","148","13"
"Arraez, Luis","Padres",2024,"1B","2239","114","35"
"Merrill, Jackson","Padres",2024,"CF","5426","324","0"
"Sullivan, Brett","Padres",2024,"1B","10","125","35"
"Wade, Tyler","Padres",2024,"RF","82","298","28"
"Wade, Tyler","Padres",2024,"LF","155","304","-28"
"Wade, Tyler","Padres",2024,"SS","386","148","-12"
"Wade, Tyler","Padres",2024,"CF","43","330","0"
"Wade, Tyler","Padres",2024,"2B","214","149","12"
"Wade, Tyler","Padres",2024,"3B","657","121","-33"
"Machado, Manny","Padres",2024,"3B","3636","120","-30"
"Tatis Jr., Fernando","Padres",2024,"RF","3351","294","27"
"Johnson, Bryce","Padres",2024,"CF","36","328","0"
"Johnson, Bryce","Padres",2024,"LF","36","302","-27"
"Johnson, Bryce","Padres",2024,"RF","720","298","28"
"Ahmed, Nick","Padres",2024,"SS","43","147","-15"
"Ahmed, Nick","Padres",2024,"2B","34","149","11"
"Campusano, Luis","Padres",2024,"1B","11","113","34"
"Kim, Ha-Seong","Padres",2024,"SS","4271","148","-11"
"Pauley, Graham","Padres",2024,"3B","142","122","-32"
"Azocar, José","Padres",2024,"LF","489","299","-27"
"Azocar, José","Padres",2024,"RF","33","294","28"
"Azocar, José","Padres",2024,"CF","370","324","0"
"Rojas, Josh","Mariners",2024,"2B","275","147","13"
"Rojas, Josh","Mariners",2024,"LF","123","292","-27"
"Rojas, Josh","Mariners",2024,"3B","3856","119","-29"
"Bliss, Ryan","Mariners",2024,"2B","691","147","12"
"Turner, Justin","Mariners",2024,"1B","1002","110","35"
"Arozarena, Randy","Mariners",2024,"CF","43","319","0"
"Arozarena, Randy","Mariners",2024,"LF","1819","288","-27"
"Raley, Luke","Mariners",2024,"CF","204","315","0"
"Raley, Luke","Mariners",2024,"RF","898","291","26"
"Raley, Luke","Mariners",2024,"1B","1092","113","34"
"Raley, Luke","Mariners",2024,"LF","1692","294","-27"
"Haniger, Mitch","Mariners",2024,"RF","2857","294","27"
"Rivas, Leo","Mariners",2024,"SS","754","148","-11"
"Rivas, Leo","Mariners",2024,"2B","155","148","12"
"Moore, Dylan","Mariners",2024,"2B","909","147","11"
"Moore, Dylan","Mariners",2024,"1B","181","113","34"
"Moore, Dylan","Mariners",2024,"LF","529","292","-27"
"Moore, Dylan","Mariners",2024,"SS","1461","148","-11"
"Moore, Dylan","Mariners",2024,"3B","910","123","-30"
"Robles, Victor","Mariners",2024,"LF","410","290","-27"
"Robles, Victor","Mariners",2024,"CF","954","308","0"
"Robles, Victor","Mariners",2024,"RF","785","287","27"
"Marlowe, Cade","Mariners",2024,"CF","21","312","0"
"Marlowe, Cade","Mariners",2024,"RF","59","283","26"
"Vosler, Jason","Mariners",2024,"1B","127","113","35"
"Vosler, Jason","Mariners",2024,"RF","27","296","26"
"Canzone, Dominic","Mariners",2024,"RF","1128","293","26"
"Canzone, Dominic","Mariners",2024,"LF","582","296","-27"
"Polanco, Jorge","Mariners",2024,"2B","3729","147","12"
"Crawford, J.P.","Mariners",2024,"SS","3552","146","-11"
"Taylor, Samad","Mariners",2024,"LF","40","297","-27"
"Rodríguez, Julio","Mariners",2024,"CF","4514","322","0"
"France, Ty","Mariners",2024,"1B","2929","112","33"
"Clase, Jonatan","Mariners",2024,"CF","16","323","0"
"Clase, Jonatan","Mariners",2024,"LF","400","298","-27"
"Locklear, Tyler","Mariners",2024,"1B","432","112","33"
"Urías, Luis","Mariners",2024,"3B","988","119","-29"
"Haggerty, Sam","Mariners",2024,"RF","13","296","28"
"Haggerty, Sam","Mariners",2024,"LF","168","298","-28"
"Wisely, Brett","Giants",2024,"3B","88","119","-34"
"Wisely, Brett","Giants",2024,"SS","1124","149","-11"
"Wisely, Brett","Giants",2024,"2B","1365","149","13"
"Lee, Jung Hoo","Giants",2024,"CF","1310","319","0"
"Fitzgerald, Tyler","Giants",2024,"SS","2498","148","-13"
"Fitzgerald, Tyler","Giants",2024,"LF","102","286","-27"
"Fitzgerald, Tyler","Giants",2024,"2B","164","147","12"
"Fitzgerald, Tyler","Giants",2024,"CF","283","317","1"
"Fitzgerald, Tyler","Giants",2024,"1B","33","111","34"
"Schmitt, Casey","Giants",2024,"SS","379","147","-11"
"Schmitt, Casey","Giants",2024,"3B","254","121","-31"
"Schmitt, Casey","Giants",2024,"2B","475","148","14"
"Conforto, Michael","Giants",2024,"LF","3476","294","-27"
"Canha, Mark","Giants",2024,"LF","27","297","-28"
"Canha, Mark","Giants",2024,"RF","73","294","28"
"Canha, Mark","Giants",2024,"1B","497","109","36"
"McKenna, Ryan","Giants",2024,"RF","39","297","27"
"Yastrzemski, Mike","Giants",2024,"RF","4080","293","27"
"Yastrzemski, Mike","Giants",2024,"CF","267","320","0"
"Encarnacion, Jerar","Giants",2024,"LF","108","302","-27"
"Encarnacion, Jerar","Giants",2024,"RF","342","296","27"
"Encarnacion, Jerar","Giants",2024,"1B","56","111","37"
"Villar, David","Giants",2024,"1B","361","112","35"
"Luciano, Marco","Giants",2024,"SS","258","149","-12"
"Luciano, Marco","Giants",2024,"2B","294","147","15"
"Slater, Austin","Giants",2024,"CF","83","326","0"
"Slater, Austin","Giants",2024,"RF","639","292","27"
"Slater, Austin","Giants",2024,"LF","182","294","-27"
"Brooks, Trenton","Giants",2024,"1B","284","110","36"
"Matos, Luis","Giants",2024,"CF","665","329","1"
"Matos, Luis","Giants",2024,"LF","181","300","-27"
"Matos, Luis","Giants",2024,"RF","543","296","28"
"Hill, Derek","Giants",2024,"CF","44","324","1"
"Hill, Derek","Giants",2024,"LF","92","294","-27"
"McCray, Grant","Giants",2024,"CF","1300","322","0"
"Estrada, Thairo","Giants",2024,"2B","3488","147","14"
"Chapman, Matt","Giants",2024,"3B","5630","123","-34"
"Ahmed, Nick","Giants",2024,"SS","1782","148","-14"
"Walton, Donovan","Giants",2024,"2B","255","148","13"
"Flores, Wilmer","Giants",2024,"1B","1632","110","34"
"Flores, Wilmer","Giants",2024,"3B","64","115","-35"
"Wade Jr., LaMonte","Giants",2024,"1B","3170","111","37"
"Wade Jr., LaMonte","Giants",2024,"RF","142","292","26"
"Wade Jr., LaMonte","Giants",2024,"LF","44","291","-26"
"Ramos, Heliot","Giants",2024,"RF","183","294","27"
"Ramos, Heliot","Giants",2024,"CF","2082","321","1"
"Ramos, Heliot","Giants",2024,"LF","1821","296","-27"
"Scott II, Victor","Cardinals",2024,"LF","14","302","-27"
"Scott II, Victor","Cardinals",2024,"RF","43","298","28"
"Scott II, Victor","Cardinals",2024,"CF","1492","321","0"
"Donovan, Brendan","Cardinals",2024,"LF","3351","302","-27"
"Donovan, Brendan","Cardinals",2024,"3B","209","112","-32"
"Donovan, Brendan","Cardinals",2024,"2B","1775","147","12"
"Fermín, José","Cardinals",2024,"3B","236","121","-30"
"Fermín, José","Cardinals",2024,"2B","298","148","12"
"Siani, Michael","Cardinals",2024,"RF","81","299","27"
"Siani, Michael","Cardinals",2024,"LF","79","297","-27"
"Siani, Michael","Cardinals",2024,"CF","3464","318","0"
"Pham, Tommy","Cardinals",2024,"LF","489","293","-27"
"Pham, Tommy","Cardinals",2024,"RF","169","296","27"
"Saggese, Thomas","Cardinals",2024,"SS","101","148","-12"
"Saggese, Thomas","Cardinals",2024,"2B","326","146","12"
"Saggese, Thomas","Cardinals",2024,"3B","74","117","-31"
"Arenado, Nolan","Cardinals",2024,"3B","5276","116","-31"
"Baker, Luken","Cardinals",2024,"1B","16","112","37"
"Carlson, Dylan","Cardinals",2024,"LF","84","298","-26"
"Carlson, Dylan","Cardinals",2024,"CF","512","317","0"
"Carlson, Dylan","Cardinals",2024,"RF","724","295","26"
"Walker, Jordan","Cardinals",2024,"RF","1539","294","27"
"Winn, Masyn","Cardinals",2024,"SS","5305","147","-13"
"Crawford, Brandon","Cardinals",2024,"3B","150","118","-33"
"Crawford, Brandon","Cardinals",2024,"SS","570","147","-12"
"Carpenter, Matt","Cardinals",2024,"3B","16","119","-30"
"Carpenter, Matt","Cardinals",2024,"1B","40","116","36"
"Burleson, Alec","Cardinals",2024,"RF","1304","297","27"
"Burleson, Alec","Cardinals",2024,"LF","971","298","-27"
"Burleson, Alec","Cardinals",2024,"1B","486","110","35"
"Goldschmidt, Paul","Cardinals",2024,"1B","5430","113","35"
"Nootbaar, Lars","Cardinals",2024,"CF","508","315","0"
"Nootbaar, Lars","Cardinals",2024,"RF","2113","297","27"
"Nootbaar, Lars","Cardinals",2024,"LF","985","299","-26"
"Gorman, Nolan","Cardinals",2024,"2B","3572","146","12"
"Gorman, Nolan","Cardinals",2024,"3B","15","126","-31"
"Morel, Christopher","Rays",2024,"LF","334","299","-28"
"Morel, Christopher","Rays",2024,"2B","774","147","12"
"Caballero, José","Rays",2024,"3B","893","118","-31"
"Caballero, José","Rays",2024,"SS","3033","146","-12"
"Caballero, José","Rays",2024,"2B","704","147","13"
"DeLuca, Jonny","Rays",2024,"RF","1574","299","27"
"DeLuca, Jonny","Rays",2024,"CF","1353","326","0"
"DeLuca, Jonny","Rays",2024,"LF","365","302","-27"
"Misner, Kameron","Rays",2024,"CF","68","334","0"
"Misner, Kameron","Rays",2024,"LF","75","304","-27"
"Lowe, Josh","Rays",2024,"CF","30","324","0"
"Lowe, Josh","Rays",2024,"LF","446","307","-27"
"Lowe, Josh","Rays",2024,"RF","2569","300","27"
"Ramírez, Harold","Rays",2024,"LF","76","301","-28"
"Ramírez, Harold","Rays",2024,"RF","100","302","27"
"Walls, Taylor","Rays",2024,"SS","2532","147","-12"
"Siri, Jose","Rays",2024,"CF","4335","325","0"
"Arozarena, Randy","Rays",2024,"LF","3116","294","-27"
"Arozarena, Randy","Rays",2024,"CF","212","322","1"
"Carlson, Dylan","Rays",2024,"RF","105","300","27"
"Carlson, Dylan","Rays",2024,"LF","922","302","-27"
"Rosario, Amed","Rays",2024,"SS","385","146","-13"
"Rosario, Amed","Rays",2024,"2B","632","148","12"
"Rosario, Amed","Rays",2024,"3B","392","120","-31"
"Rosario, Amed","Rays",2024,"RF","657","298","26"
"Mead, Curtis","Rays",2024,"2B","683","147","12"
"Mead, Curtis","Rays",2024,"1B","12","101","36"
"Mead, Curtis","Rays",2024,"3B","460","115","-32"
"Paredes, Isaac","Rays",2024,"3B","2872","119","-32"
"Paredes, Isaac","Rays",2024,"1B","496","105","35"
"Aranda, Jonathan","Rays",2024,"1B","719","105","36"
"Aranda, Jonathan","Rays",2024,"2B","164","147","11"
"Shenton, Austin","Rays",2024,"1B","298","105","37"
"Caminero, Junior","Rays",2024,"1B","46","106","34"
"Caminero, Junior","Rays",2024,"3B","1331","120","-33"
"Goodrum, Niko","Rays",2024,"LF","81","295","-27"
"Goodrum, Niko","Rays",2024,"1B","19","103","35"
"Goodrum, Niko","Rays",2024,"2B","33","147","14"
"Goodrum, Niko","Rays",2024,"SS","37","146","-16"
"Lowe, Brandon","Rays",2024,"1B","405","110","37"
"Lowe, Brandon","Rays",2024,"2B","1942","146","13"
"Díaz, Yandy","Rays",2024,"1B","4000","106","36"
"Palacios, Richie","Rays",2024,"LF","583","301","-27"
"Palacios, Richie","Rays",2024,"RF","993","300","27"
"Palacios, Richie","Rays",2024,"3B","42","119","-32"
"Palacios, Richie","Rays",2024,"2B","1066","147","11"
"Palacios, Richie","Rays",2024,"SS","11","148","-14"
"Smith, Josh","Rangers",2024,"3B","2733","118","-31"
"Smith, Josh","Rangers",2024,"RF","23","293","28"
"Smith, Josh","Rangers",2024,"2B","10","150","8"
"Smith, Josh","Rangers",2024,"SS","1664","147","-12"
"Smith, Josh","Rangers",2024,"LF","159","297","-27"
"Ornelas, Jonathan","Rangers",2024,"3B","254","115","-32"
"Ornelas, Jonathan","Rangers",2024,"2B","62","146","16"
"Ornelas, Jonathan","Rangers",2024,"SS","122","150","-13"
"Semien, Marcus","Rangers",2024,"2B","5883","148","11"
"Duran, Ezequiel","Rangers",2024,"LF","583","293","-28"
"Duran, Ezequiel","Rangers",2024,"2B","98","150","12"
"Duran, Ezequiel","Rangers",2024,"SS","252","148","-12"
"Duran, Ezequiel","Rangers",2024,"1B","413","112","34"
"Duran, Ezequiel","Rangers",2024,"RF","65","293","28"
"Duran, Ezequiel","Rangers",2024,"3B","975","121","-33"
"Fabian, Sandro","Rangers",2024,"LF","56","298","-29"
"Grossman, Robbie","Rangers",2024,"LF","251","297","-28"
"Grossman, Robbie","Rangers",2024,"RF","48","298","28"
"Duffy, Matt","Rangers",2024,"3B","86","119","-33"
"Walsh, Jared","Rangers",2024,"1B","536","115","35"
"García, Adolis","Rangers",2024,"RF","4758","296","28"
"Seager, Corey","Rangers",2024,"SS","4038","148","-12"
"Foscue, Justin","Rangers",2024,"2B","14","150","11"
"Foscue, Justin","Rangers",2024,"1B","35","112","34"
"Langford, Wyatt","Rangers",2024,"LF","3531","295","-28"
"Langford, Wyatt","Rangers",2024,"CF","420","315","1"
"Taveras, Leody","Rangers",2024,"CF","5223","320","0"
"Hill, Derek","Rangers",2024,"CF","112","322","0"
"Hill, Derek","Rangers",2024,"LF","45","295","-28"
"Hill, Derek","Rangers",2024,"RF","165","297","28"
"Jankowski, Travis","Rangers",2024,"RF","755","297","28"
"Jankowski, Travis","Rangers",2024,"LF","367","296","-28"
"Jankowski, Travis","Rangers",2024,"CF","253","323","1"
"Jung, Josh","Rangers",2024,"3B","1541","117","-32"
"Lowe, Nathaniel","Rangers",2024,"1B","5088","112","36"
"Wendzel, Davis","Rangers",2024,"3B","487","121","-32"
"Carter, Evan","Rangers",2024,"LF","1084","297","-28"
"Carter, Evan","Rangers",2024,"CF","62","318","1"
"Carter, Evan","Rangers",2024,"RF","257","297","28"
"Barger, Addison","Blue Jays",2024,"RF","747","298","27"
"Barger, Addison","Blue Jays",2024,"LF","244","300","-27"
"Barger, Addison","Blue Jays",2024,"3B","1058","118","-30"
"Biggio, Cavan","Blue Jays",2024,"1B","33","115","33"
"Biggio, Cavan","Blue Jays",2024,"2B","857","149","11"
"Biggio, Cavan","Blue Jays",2024,"3B","73","122","-34"
"Biggio, Cavan","Blue Jays",2024,"RF","330","294","26"
"Turner, Justin","Blue Jays",2024,"3B","138","114","-32"
"Turner, Justin","Blue Jays",2024,"1B","359","110","36"
"Clement, Ernie","Blue Jays",2024,"2B","91","148","13"
"Clement, Ernie","Blue Jays",2024,"SS","1297","147","-12"
"Clement, Ernie","Blue Jays",2024,"3B","2816","121","-31"
"Schneider, Davis","Blue Jays",2024,"2B","1326","148","12"
"Schneider, Davis","Blue Jays",2024,"LF","2658","290","-27"
"Springer, George","Blue Jays",2024,"RF","4351","294","27"
"Springer, George","Blue Jays",2024,"CF","34","320","2"
"Kiner-Falefa, Isiah","Blue Jays",2024,"SS","468","146","-9"
"Kiner-Falefa, Isiah","Blue Jays",2024,"2B","1035","146","12"
"Kiner-Falefa, Isiah","Blue Jays",2024,"3B","1188","113","-31"
"Bichette, Bo","Blue Jays",2024,"SS","2870","146","-12"
"Kiermaier, Kevin","Blue Jays",2024,"CF","2293","319","0"
"Horwitz, Spencer","Blue Jays",2024,"1B","1254","111","36"
"Horwitz, Spencer","Blue Jays",2024,"2B","1265","144","13"
"Loperfido, Joey","Blue Jays",2024,"CF","443","319","-1"
"Loperfido, Joey","Blue Jays",2024,"LF","886","295","-27"
"Varsho, Daulton","Blue Jays",2024,"LF","1704","292","-27"
"Varsho, Daulton","Blue Jays",2024,"RF","32","295","29"
"Varsho, Daulton","Blue Jays",2024,"CF","2867","319","0"
"Martinez, Orelvis","Blue Jays",2024,"2B","35","149","11"
"Berroa, Steward","Blue Jays",2024,"LF","118","299","-28"
"Berroa, Steward","Blue Jays",2024,"CF","15","328","0"
"Berroa, Steward","Blue Jays",2024,"RF","302","295","28"
"Guerrero Jr., Vladimir","Blue Jays",2024,"3B","430","120","-30"
"Guerrero Jr., Vladimir","Blue Jays",2024,"1B","4324","111","35"
"De Los Santos, Luis","Blue Jays",2024,"3B","291","121","-31"
"De Los Santos, Luis","Blue Jays",2024,"1B","13","108","35"
"Lukes, Nathan","Blue Jays",2024,"RF","227","292","27"
"Lukes, Nathan","Blue Jays",2024,"CF","117","316","-1"
"Lukes, Nathan","Blue Jays",2024,"LF","374","291","-28"
"Wagner, Will","Blue Jays",2024,"1B","10","117","34"
"Wagner, Will","Blue Jays",2024,"2B","694","146","11"
"Clase, Jonatan","Blue Jays",2024,"CF","220","322","-1"
"Jiménez, Leo","Blue Jays",2024,"2B","691","145","12"
"Jiménez, Leo","Blue Jays",2024,"SS","1359","147","-11"
"Farmer, Kyle","Twins",2024,"3B","590","120","-33"
"Farmer, Kyle","Twins",2024,"1B","14","114","35"
"Farmer, Kyle","Twins",2024,"SS","232","148","-13"
"Farmer, Kyle","Twins",2024,"2B","1545","147","12"
"Kirilloff, Alex","Twins",2024,"RF","151","297","30"
"Kirilloff, Alex","Twins",2024,"1B","356","116","37"
"Kirilloff, Alex","Twins",2024,"LF","630","300","-28"
"Julien, Edouard","Twins",2024,"2B","2617","147","13"
"Helman, Michael","Twins",2024,"CF","54","327","1"
"Helman, Michael","Twins",2024,"RF","25","292","28"
"Helman, Michael","Twins",2024,"LF","16","300","-27"
"Wallner, Matt","Twins",2024,"LF","674","292","-27"
"Wallner, Matt","Twins",2024,"RF","1131","293","30"
"Larnach, Trevor","Twins",2024,"RF","245","291","29"
"Larnach, Trevor","Twins",2024,"LF","1538","294","-27"
"Santana, Carlos","Twins",2024,"1B","5250","111","34"
"Miranda, Jose","Twins",2024,"SS","11","149","-11"
"Miranda, Jose","Twins",2024,"1B","430","112","33"
"Miranda, Jose","Twins",2024,"3B","2590","122","-32"
"Buxton, Byron","Twins",2024,"CF","3233","319","0"
"Keirsey Jr., DaShawn","Twins",2024,"CF","146","315","1"
"Vázquez, Christian","Twins",2024,"3B","48","115","-33"
"Castillo, Diego A.","Twins",2024,"3B","63","115","-32"
"Kepler, Max","Twins",2024,"RF","3360","294","29"
"Margot, Manuel","Twins",2024,"LF","1187","301","-28"
"Margot, Manuel","Twins",2024,"RF","1150","298","29"
"Margot, Manuel","Twins",2024,"CF","554","326","0"
"Lee, Brooks","Twins",2024,"3B","407","114","-33"
"Lee, Brooks","Twins",2024,"SS","873","147","-13"
"Lee, Brooks","Twins",2024,"2B","280","147","12"
"Martin, Austin","Twins",2024,"2B","386","146","13"
"Martin, Austin","Twins",2024,"LF","1028","295","-27"
"Martin, Austin","Twins",2024,"CF","1178","324","0"
"Lewis, Royce","Twins",2024,"2B","41","140","16"
"Lewis, Royce","Twins",2024,"3B","1772","115","-32"
"Correa, Carlos","Twins",2024,"SS","2994","148","-12"
"Castro, Willi","Twins",2024,"CF","897","320","0"
"Castro, Willi","Twins",2024,"SS","1952","147","-13"
"Castro, Willi","Twins",2024,"2B","1193","147","13"
"Castro, Willi","Twins",2024,"LF","984","296","-27"
"Castro, Willi","Twins",2024,"3B","587","119","-32"
"Sosa, Edmundo","Phillies",2024,"SS","1394","146","-15"
"Sosa, Edmundo","Phillies",2024,"2B","597","147","11"
"Sosa, Edmundo","Phillies",2024,"3B","548","120","-33"
"Merrifield, Whit","Phillies",2024,"LF","685","302","-27"
"Merrifield, Whit","Phillies",2024,"2B","442","149","12"
"Merrifield, Whit","Phillies",2024,"3B","345","119","-35"
"Hays, Austin","Phillies",2024,"LF","771","303","-27"
"Schwarber, Kyle","Phillies",2024,"LF","169","291","-26"
"Stevenson, Cal","Phillies",2024,"CF","228","326","1"
"Stevenson, Cal","Phillies",2024,"RF","33","296","27"
"Stevenson, Cal","Phillies",2024,"LF","16","298","-27"
"Castellanos, Nick","Phillies",2024,"RF","5628","294","28"
"Marsh, Brandon","Phillies",2024,"LF","2869","296","-27"
"Marsh, Brandon","Phillies",2024,"CF","1334","324","1"
"Marsh, Brandon","Phillies",2024,"RF","138","292","30"
"Kennedy, Buddy","Phillies",2024,"3B","67","115","-36"
"Kennedy, Buddy","Phillies",2024,"2B","40","147","10"
"Harper, Bryce","Phillies",2024,"1B","5078","107","34"
"Rojas, Johan","Phillies",2024,"CF","3753","325","1"
"Stott, Bryson","Phillies",2024,"2B","4678","147","13"
"Stott, Bryson","Phillies",2024,"SS","285","145","-14"
"Pache, Cristian","Phillies",2024,"LF","459","300","-27"
"Pache, Cristian","Phillies",2024,"CF","632","319","1"
"Wilson, Weston","Phillies",2024,"2B","40","150","9"
"Wilson, Weston","Phillies",2024,"LF","524","300","-27"
"Wilson, Weston","Phillies",2024,"3B","139","118","-34"
"Wilson, Weston","Phillies",2024,"RF","100","293","28"
"Wilson, Weston","Phillies",2024,"1B","19","117","34"
"Bohm, Alec","Phillies",2024,"3B","4516","117","-33"
"Bohm, Alec","Phillies",2024,"1B","453","112","34"
"Clemens, Kody","Phillies",2024,"3B","339","121","-34"
"Clemens, Kody","Phillies",2024,"2B","157","147","13"
"Clemens, Kody","Phillies",2024,"1B","404","116","34"
"Clemens, Kody","Phillies",2024,"LF","88","296","-26"
"Turner, Trea","Phillies",2024,"SS","4275","147","-14"
"Dahl, David","Phillies",2024,"LF","373","299","-27"
"Dahl, David","Phillies",2024,"RF","46","294","28"
"Merrifield, Whit","Braves",2024,"2B","1479","149","12"
"Kelenic, Jarred","Braves",2024,"RF","11","290","27"
"Kelenic, Jarred","Braves",2024,"LF","2422","294","-27"
"Kelenic, Jarred","Braves",2024,"CF","1753","319","0"
"Biggio, Cavan","Braves",2024,"2B","54","150","12"
"Riley, Austin","Braves",2024,"3B","3987","120","-32"
"Rosario, Eddie","Braves",2024,"LF","801","294","-27"
"Williams, Luke","Braves",2024,"3B","156","123","-32"
"Williams, Luke","Braves",2024,"2B","238","147","13"
"Williams, Luke","Braves",2024,"LF","91","294","-27"
"Williams, Luke","Braves",2024,"SS","27","145","-14"
"Guillorme, Luis","Braves",2024,"SS","29","149","-13"
"Guillorme, Luis","Braves",2024,"2B","184","149","13"
"Urshela, Gio","Braves",2024,"3B","1282","121","-32"
"Duvall, Adam","Braves",2024,"RF","1607","291","27"
"Duvall, Adam","Braves",2024,"LF","1204","293","-27"
"Short, Zack","Braves",2024,"3B","475","120","-32"
"Short, Zack","Braves",2024,"SS","188","146","-13"
"Short, Zack","Braves",2024,"2B","45","147","12"
"White, Eli","Braves",2024,"CF","115","320","0"
"White, Eli","Braves",2024,"RF","166","290","27"
"White, Eli","Braves",2024,"LF","155","295","-26"
"White, Eli","Braves",2024,"2B","12","140","14"
"Albies, Ozzie","Braves",2024,"2B","3594","149","11"
"Arcia, Orlando","Braves",2024,"SS","5704","147","-14"
"Acuña Jr., Ronald","Braves",2024,"RF","1762","294","28"
"Anderson, Brian","Braves",2024,"RF","50","291","28"
"Wall, Forrest","Braves",2024,"LF","351","295","-27"
"Martínez, J.P.","Braves",2024,"RF","36","294","27"
"Martínez, J.P.","Braves",2024,"CF","31","320","1"
"Soler, Jorge","Braves",2024,"LF","85","300","-26"
"Soler, Jorge","Braves",2024,"RF","1270","294","27"
"Laureano, Ramón","Braves",2024,"CF","113","320","0"
"Laureano, Ramón","Braves",2024,"LF","836","295","-26"
"Laureano, Ramón","Braves",2024,"RF","1044","295","27"
"Fletcher, David","Braves",2024,"2B","100","149","12"
"Harris II, Michael","Braves",2024,"CF","3941","320","1"
"Alvarez Jr., Nacho","Braves",2024,"3B","43","125","-32"
"Alvarez Jr., Nacho","Braves",2024,"2B","247","150","11"
"Olson, Matt","Braves",2024,"1B","5953","112","34"
"Shewmake, Braden","White Sox",2024,"2B","218","148","13"
"Shewmake, Braden","White Sox",2024,"3B","259","116","-31"
"Shewmake, Braden","White Sox",2024,"SS","274","149","-11"
"DeLoach, Zach","White Sox",2024,"LF","220","293","-29"
"DeLoach, Zach","White Sox",2024,"RF","342","293","29"
"DeLoach, Zach","White Sox",2024,"CF","51","320","0"
"Grossman, Robbie","White Sox",2024,"RF","496","297","27"
"Grossman, Robbie","White Sox",2024,"LF","171","300","-28"
"Fletcher, Dominic","White Sox",2024,"CF","963","324","0"
"Fletcher, Dominic","White Sox",2024,"RF","1488","296","26"
"Fletcher, Dominic","White Sox",2024,"LF","31","295","-27"
"Senzel, Nick","White Sox",2024,"3B","222","119","-30"
"Senzel, Nick","White Sox",2024,"RF","47","294","27"
"Pham, Tommy","White Sox",2024,"LF","291","297","-29"
"Pham, Tommy","White Sox",2024,"CF","985","324","0"
"Pham, Tommy","White Sox",2024,"RF","1192","296","29"
"Sosa, Lenyn","White Sox",2024,"3B","1866","120","-31"
"Sosa, Lenyn","White Sox",2024,"2B","1637","147","13"
"Colás, Oscar","White Sox",2024,"RF","214","301","28"
"Colás, Oscar","White Sox",2024,"CF","92","321","2"
"Julks, Corey","White Sox",2024,"LF","830","296","-29"
"Julks, Corey","White Sox",2024,"CF","49","324","-1"
"Julks, Corey","White Sox",2024,"RF","798","296","28"
"Mendick, Danny","White Sox",2024,"3B","931","117","-30"
"Mendick, Danny","White Sox",2024,"2B","408","146","11"
"Robert Jr., Luis","White Sox",2024,"CF","3593","325","0"
"Ellis, Duke","White Sox",2024,"CF","69","319","1"
"Ellis, Duke","White Sox",2024,"LF","36","298","-28"
"Lopez, Nicky","White Sox",2024,"SS","1545","146","-12"
"Lopez, Nicky","White Sox",2024,"2B","2800","147","13"
"Sheets, Gavin","White Sox",2024,"RF","1446","298","28"
"Sheets, Gavin","White Sox",2024,"1B","1620","109","34"
"Vargas, Miguel","White Sox",2024,"LF","46","304","-29"
"Vargas, Miguel","White Sox",2024,"3B","1361","122","-30"
"Ramos, Bryan","White Sox",2024,"3B","699","118","-29"
"Benintendi, Andrew","White Sox",2024,"LF","4549","297","-28"
"DeJong, Paul","White Sox",2024,"SS","3169","148","-10"
"DeJong, Paul","White Sox",2024,"3B","403","116","-31"
"Jiménez, Eloy","White Sox",2024,"RF","35","299","28"
"Ortega, Rafael","White Sox",2024,"CF","192","326","0"
"Ortega, Rafael","White Sox",2024,"RF","12","298","29"
"Pillar, Kevin","White Sox",2024,"CF","201","323","1"
"Pillar, Kevin","White Sox",2024,"RF","132","298","27"
"Moncada, Yoán","White Sox",2024,"3B","373","120","-31"
"Vaughn, Andrew","White Sox",2024,"1B","4579","112","33"
"Amaya, Jacob","White Sox",2024,"SS","794","147","-11"
"Remillard, Zach","White Sox",2024,"2B","216","147","14"
"Remillard, Zach","White Sox",2024,"LF","31","309","-27"
"Remillard, Zach","White Sox",2024,"3B","91","119","-29"
"Remillard, Zach","White Sox",2024,"SS","74","146","-14"
"Baldwin, Brooks","White Sox",2024,"SS","349","147","-12"
"Baldwin, Brooks","White Sox",2024,"2B","926","147","13"
"Rivera, Emmanuel","Marlins",2024,"3B","2042","117","-33"
"Rivera, Emmanuel","Marlins",2024,"1B","339","109","34"
"Chisholm Jr., Jazz","Marlins",2024,"2B","92","146","9"
"Chisholm Jr., Jazz","Marlins",2024,"CF","3528","322","-1"
"Anderson, Tim","Marlins",2024,"SS","2337","144","-13"
"De La Cruz, Bryan","Marlins",2024,"RF","257","298","26"
"De La Cruz, Bryan","Marlins",2024,"LF","1835","293","-27"
"Myers, Dane","Marlins",2024,"RF","661","296","26"
"Myers, Dane","Marlins",2024,"LF","136","289","-29"
"Myers, Dane","Marlins",2024,"CF","170","317","-1"
"Sánchez, Jesús","Marlins",2024,"RF","3720","295","25"
"Sánchez, Jesús","Marlins",2024,"LF","266","297","-30"
"Hensley, David","Marlins",2024,"1B","113","109","34"
"Hensley, David","Marlins",2024,"LF","87","295","-26"
"Hensley, David","Marlins",2024,"RF","267","299","25"
"Arraez, Luis","Marlins",2024,"2B","1241","148","10"
"Arraez, Luis","Marlins",2024,"1B","36","112","34"
"Gray, Tristan","Marlins",2024,"3B","55","118","-33"
"Gordon, Nick","Marlins",2024,"2B","86","145","12"
"Gordon, Nick","Marlins",2024,"LF","2077","298","-28"
"Gordon, Nick","Marlins",2024,"CF","322","327","-1"
"Lopez, Otto","Marlins",2024,"SS","222","147","-12"
"Lopez, Otto","Marlins",2024,"CF","12","322","-3"
"Lopez, Otto","Marlins",2024,"3B","169","116","-33"
"Lopez, Otto","Marlins",2024,"2B","3656","146","11"
"Lopez, Otto","Marlins",2024,"LF","34","294","-28"
"Pereda, Jhonny","Marlins",2024,"1B","14","123","36"
"Stowers, Kyle","Marlins",2024,"RF","117","299","25"
"Stowers, Kyle","Marlins",2024,"CF","391","330","-3"
"Stowers, Kyle","Marlins",2024,"LF","1060","298","-27"
"Sanoja, Javier","Marlins",2024,"CF","82","324","-2"
"Sanoja, Javier","Marlins",2024,"2B","91","147","11"
"Sanoja, Javier","Marlins",2024,"SS","103","144","-12"
"Sanoja, Javier","Marlins",2024,"LF","56","301","-28"
"Hill, Derek","Marlins",2024,"LF","356","294","-29"
"Hill, Derek","Marlins",2024,"CF","661","318","-2"
"Pache, Cristian","Marlins",2024,"CF","741","326","-2"
"Bruján, Vidal","Marlins",2024,"CF","325","324","-2"
"Bruján, Vidal","Marlins",2024,"SS","1018","146","-13"
"Bruján, Vidal","Marlins",2024,"RF","154","298","25"
"Bruján, Vidal","Marlins",2024,"3B","352","117","-34"
"Bruján, Vidal","Marlins",2024,"2B","852","145","12"
"Bruján, Vidal","Marlins",2024,"LF","38","299","-28"
"Norby, Connor","Marlins",2024,"2B","80","146","14"
"Norby, Connor","Marlins",2024,"3B","1172","122","-32"
"Edwards, Xavier","Marlins",2024,"2B","38","150","8"
"Edwards, Xavier","Marlins",2024,"SS","2552","147","-11"
"Bride, Jonah","Marlins",2024,"1B","1320","109","34"
"Bride, Jonah","Marlins",2024,"2B","59","143","12"
"Bride, Jonah","Marlins",2024,"3B","341","116","-33"
"Devers, José","Marlins",2024,"2B","37","144","13"
"Wall, Forrest","Marlins",2024,"RF","25","295","26"
"García, Avisaíl","Marlins",2024,"RF","509","294","26"
"Bell, Josh","Marlins",2024,"1B","2390","108","34"
"Burger, Jake","Marlins",2024,"1B","2017","112","35"
"Burger, Jake","Marlins",2024,"3B","2096","121","-33"
"Conine, Griffin","Marlins",2024,"LF","287","297","-28"
"Conine, Griffin","Marlins",2024,"RF","515","306","25"
"Volpe, Anthony","Yankees",2024,"SS","5923","150","-12"
"Chisholm Jr., Jazz","Yankees",2024,"CF","54","327","0"
"Chisholm Jr., Jazz","Yankees",2024,"3B","1698","123","-33"
"Davis, J.D.","Yankees",2024,"1B","127","108","32"
"LeMahieu, DJ","Yankees",2024,"1B","919","108","36"
"LeMahieu, DJ","Yankees",2024,"3B","1261","119","-33"
"Jones, Jahmai","Yankees",2024,"2B","86","150","8"
"Jones, Jahmai","Yankees",2024,"3B","26","136","-29"
"Jones, Jahmai","Yankees",2024,"RF","88","291","26"
"Jones, Jahmai","Yankees",2024,"LF","116","294","-28"
"Rizzo, Anthony","Yankees",2024,"1B","3319","112","34"
"Judge, Aaron","Yankees",2024,"LF","168","291","-26"
"Judge, Aaron","Yankees",2024,"RF","276","289","26"
"Judge, Aaron","Yankees",2024,"CF","3783","322","0"
"Rice, Ben","Yankees",2024,"1B","1489","110","35"
"Trammell, Taylor","Yankees",2024,"LF","18","295","-26"
"Trammell, Taylor","Yankees",2024,"RF","24","294","27"
"Soto, Juan","Yankees",2024,"RF","5307","291","26"
"Soto, Juan","Yankees",2024,"LF","250","293","-26"
"Torres, Gleyber","Yankees",2024,"2B","5597","149","12"
"Verdugo, Alex","Yankees",2024,"CF","70","317","0"
"Verdugo, Alex","Yankees",2024,"LF","5102","291","-27"
"Verdugo, Alex","Yankees",2024,"RF","337","288","27"
"Grisham, Trent","Yankees",2024,"CF","2026","323","0"
"Peraza, Oswald","Yankees",2024,"3B","101","119","-31"
"Berti, Jon","Yankees",2024,"2B","51","150","11"
"Berti, Jon","Yankees",2024,"3B","608","123","-32"
"Cabrera, Oswaldo","Yankees",2024,"3B","2385","116","-32"
"Cabrera, Oswaldo","Yankees",2024,"RF","47","288","27"
"Cabrera, Oswaldo","Yankees",2024,"2B","345","148","11"
"Cabrera, Oswaldo","Yankees",2024,"SS","156","147","-12"
"Cabrera, Oswaldo","Yankees",2024,"1B","225","106","32"
"Cabrera, Oswaldo","Yankees",2024,"LF","24","286","-26"
"Domínguez, Jasson","Yankees",2024,"LF","394","306","-28"
"Domínguez, Jasson","Yankees",2024,"CF","146","330","-1"
"Turang, Brice","Brewers",2024,"2B","5349","148","12"
"Black, Tyler","Brewers",2024,"1B","177","113","36"
"Roller, Chris","Brewers",2024,"CF","11","319","-1"
"Ortiz, Joey","Brewers",2024,"2B","130","147","11"
"Ortiz, Joey","Brewers",2024,"3B","4578","125","-32"
"Ortiz, Joey","Brewers",2024,"SS","160","148","-13"
"Wiemer, Joey","Brewers",2024,"CF","30","324","0"
"Wiemer, Joey","Brewers",2024,"LF","259","301","-27"
"Bauers, Jake","Brewers",2024,"1B","2272","112","34"
"Bauers, Jake","Brewers",2024,"RF","121","295","27"
"Bauers, Jake","Brewers",2024,"LF","176","299","-28"
"Perkins, Blake","Brewers",2024,"CF","4011","322","0"
"Mitchell, Garrett","Brewers",2024,"CF","1289","325","0"
"Mitchell, Garrett","Brewers",2024,"RF","603","292","27"
"Frelick, Sal","Brewers",2024,"RF","3232","297","27"
"Frelick, Sal","Brewers",2024,"CF","706","322","1"
"Frelick, Sal","Brewers",2024,"3B","18","127","-33"
"Frelick, Sal","Brewers",2024,"LF","769","301","-28"
"Adames, Willy","Brewers",2024,"SS","5868","146","-12"
"Hoskins, Rhys","Brewers",2024,"1B","3289","110","35"
"Sánchez, Gary","Brewers",2024,"1B","54","107","37"
"Chourio, Jackson","Brewers",2024,"RF","2034","300","27"
"Chourio, Jackson","Brewers",2024,"LF","3034","302","-28"
"Hicklen, Brewer","Brewers",2024,"RF","53","293","27"
"Miller, Owen","Brewers",2024,"1B","175","111","35"
"Miller, Owen","Brewers",2024,"2B","10","150","10"
"Miller, Owen","Brewers",2024,"3B","37","120","-31"
"Monasterio, Andruw","Brewers",2024,"3B","692","122","-32"
"Monasterio, Andruw","Brewers",2024,"1B","74","112","33"
"Monasterio, Andruw","Brewers",2024,"2B","521","148","11"
"Dunn, Oliver","Brewers",2024,"3B","640","120","-32"
"Dunn, Oliver","Brewers",2024,"2B","12","145","15"
"Collins, Isaac","Brewers",2024,"LF","133","308","-27"
"Collins, Isaac","Brewers",2024,"2B","25","148","12"
"Capra, Vinny","Brewers",2024,"SS","19","150","-11"
"Capra, Vinny","Brewers",2024,"3B","82","120","-32"
"Yelich, Christian","Brewers",2024,"LF","1670","297","-28"